{"initial_reset_timestamp": 50545.9882759, "timestamps": [50554.7150114, 50561.3868679, 50568.4362114, 50575.6599245, 50582.8619301, 50590.0670512, 50597.2619384, 50604.5090415, 50611.663846, 50618.8025699], "episode_lengths": [500, 500, 500, 500, 500, 500, 500, 500, 500, 500], "episode_rewards": [500.0, 500.0, 500.0, 500.0, 500.0, 500.0, 500.0, 500.0, 500.0, 500.0], "episode_types": ["t", "t", "t", "t", "t", "t", "t", "t", "t", "t"]}