{"initial_reset_timestamp": 55237.033882, "timestamps": [55239.9736831, 55241.3351025, 55243.1324467, 55244.9593524, 55246.8268807, 55248.4094175, 55250.2734386, 55251.7708123, 55253.490799, 55255.3143886], "episode_lengths": [112, 84, 102, 114, 112, 97, 117, 97, 112, 118], "episode_rewards": [-112.0, -84.0, -102.0, -114.0, -112.0, -97.0, -117.0, -97.0, -112.0, -118.0], "episode_types": ["t", "t", "t", "t", "t", "t", "t", "t", "t", "t"]}